{"80": 0.5059319458527529, "12": 0.5005430972490094, "79": 0.3317767554377424, "74": 0.32139321745252786, "11": 0.3018567607333167, "17": 0.24206491290886498, "14": 0.12267378359756043, "59": 0.05155061034502472, "1": 0.02512088050957867, "8": 0.016115395377806128, "49": 0.014466546112115732, "10": 0.010040529196366514, "15": 0.00986601595291753, "4": 0.00982990976461774, "29": 0.009101768300571982, "54": 0.008999467433722578, "64": 0.008108848122327766, "27": 0.007025662473334075, "3": 0.006983538586984321, "48": 0.006456990007612388, "9": 0.006369733385887896, "66": 0.006026724597039895, "61": 0.0059966361067900695, "77": 0.004943538948046204, "41": 0.003902477185402268, "38": 0.0037640701302530744, "28": 0.0035745126416791783, "67": 0.003571503792654196, "6": 0.0033819463040803003, "70": 0.0033187604745556682, "65": 0.003228495003806194, "22": 0.0023649553336362243, "63": 0.002337875692411382, "51": 0.0021633624489623983, "72": 0.002148318203837486, "37": 0.0020099111486882922, "68": 0.001862477546464151, "78": 0.0018293802071893438, "47": 0.0016037165303156584, "36": 0.0015615926439659037, "57": 0.0012486723453677265, "73": 0.0012035396099929893, "46": 0.0011644245726682172, "76": 0.0010681414038687781, "69": 0.001056106007768848, "45": 0.001035044064593971, "26": 0.001029026366544006, "5": 0.0008755750662698998, "20": 0.0008063715386953028, "58": 0.0007492034072206358, "7": 0.000737168011120706, "30": 0.0006769910306210565, "52": 0.0006679644835461091, "24": 0.0005536282205967751, "56": 0.0005446016735218277, "34": 0.0005325662774218978, "62": 0.0005295574283969153, "2": 0.0004723892969222483, "42": 0.0004152211654475813, "60": 0.00041221231642259886, "75": 0.00038212382617277413, "40": 0.00035504418494793186, "13": 0.00033398224177305457, "43": 0.00029185835542329993, "44": 0.0002828318083483525, "18": 0.00024070792199859788, "33": 0.0002376990729736154, "39": 0.0002015928846738257, "53": 0.0002015928846738257, "23": 0.00019557518662386078, "50": 0.00018654863954891334, "55": 0.00018053094149894842, "21": 0.0001594689983240711, "31": 0.0001594689983240711, "71": 0.00015044245124912366, "25": 0.00012336281002428142, "19": 0.00010831856489936904, "35": 0.00010530971587438658, "16": 6.017698049964947e-05, "32": 2.1061943174877314e-05}