{"1": 0.995682, "2": 0.841411, "3": 0.983499, "4": 0.769501, "5": 0.690126, "6": 0.994018, "7": 0.994893, "8": 0.730869}